attractive_partner,sincere_partner,intelligence_partner,funny_partner,ambition_partner,shared_interests_partner,attractive,sincere,intelligence,funny,ambition,attractive_important,sincere_important,intellicence_important,funny_important,ambtition_important,shared_interests_important,interests_correlate,d_age,samerace,importance_same_race,expected_happy_with_sd_people,expected_num_interested_in_me,expected_num_matches,like,guess_prob_liked,met
6.102890173410405,7.146820809248555,7.342196531791908,6.271676300578035,6.81271676300578,5.343352601156069,6.913294797687861,8.201156069364162,7.594219653179191,8.3121387283237,7.254335260115607,23.562589595375723,17.533965317919076,21.832231213872834,16.70390751445087,10.040323699421966,10.747699421965319,0.168635838150289,3.446242774566474,0.4023121387283237,4.076300578034682,5.401156069364162,5.721387283236994,2.8416184971098266,6.156647398843931,4.909826589595376,0.06127167630057803
